[
  {
    "id": 0,
    "project_name": "Vuestic",
    "project_owner": 13,
    "team": [13, 5, 28, 14, 17, 28, 23, 11, 16, 19, 12, 28, 11],
    "status": "in progress",
    "creation_date": "20 Nov 2023"
  },
  {
    "id": 1,
    "project_name": "Mood board",
    "project_owner": 28,
    "team": [28, 10, 12, 28, 14, 27, 5, 4, 8, 23, 19, 18, 24, 11, 18, 12, 28],
    "status": "important",
    "creation_date": "16 Oct 2023"
  },
  {
    "id": 2,
    "project_name": "Jenkins",
    "project_owner": 3,
    "team": [3, 21, 7, 19, 4, 4, 7, 24],
    "status": "important",
    "creation_date": "1 Oct 2023"
  },
  {
    "id": 3,
    "project_name": "Springfield media",
    "project_owner": 17,
    "team": [17, 25, 21, 9, 18, 12, 15, 0, 7, 2, 7],
    "status": "important",
    "creation_date": "19 Sept 2023"
  },
  {
    "id": 4,
    "project_name": "Galileo",
    "project_owner": 7,
    "team": [7, 1, 28, 19, 3],
    "status": "completed",
    "creation_date": "23 Sept 2023"
  },
  {
    "id": 5,
    "project_name": "Website redesign",
    "project_owner": 24,
    "team": [24, 19, 1, 8, 9],
    "status": "completed",
    "creation_date": "9 Sept 2023"
  },
  {
    "id": 6,
    "project_name": "Toolset landing",
    "project_owner": 15,
    "team": [15, 16, 8, 6, 11, 21, 3, 20],
    "status": "archived",
    "creation_date": "17 Aug 2023"
  },
  {
    "id": 7,
    "project_name": "Complete product redesign",
    "project_owner": 25,
    "team": [25, 18, 24, 13, 5, 3, 4, 16, 25, 12, 18, 9, 22],
    "status": "completed",
    "creation_date": "11 Aug 2023"
  },
  {
    "id": 8,
    "project_name": "Design team project",
    "project_owner": 17,
    "team": [17, 6, 21, 17, 7, 6, 14, 13, 27, 7, 20],
    "status": "archived",
    "creation_date": "9 Aug 2023"
  },
  {
    "id": 9,
    "project_name": "Regular logistics",
    "project_owner": 3,
    "team": [3, 26, 8, 15, 21, 23, 18, 11, 22, 6, 20, 9],
    "status": "archived",
    "creation_date": "2 Aug 2023"
  },
  {
    "id": 10,
    "project_name": "Aurora Analytics",
    "project_owner": 12,
    "team": [12, 7, 18, 24, 13, 5],
    "status": "in progress",
    "creation_date": "10 Dec 2023"
  },
  {
    "id": 11,
    "project_name": "Quantum Leap",
    "project_owner": 14,
    "team": [14, 17, 3, 21, 11, 20],
    "status": "planning",
    "creation_date": "22 Nov 2023"
  },
  {
    "id": 12,
    "project_name": "Deep Dive Research",
    "project_owner": 8,
    "team": [8, 15, 9, 3, 27, 6],
    "status": "important",
    "creation_date": "15 Nov 2023"
  },
  {
    "id": 13,
    "project_name": "Sky High Architecture",
    "project_owner": 21,
    "team": [21, 2, 17, 18, 4],
    "status": "completed",
    "creation_date": "1 Nov 2023"
  },
  {
    "id": 14,
    "project_name": "Tech Horizon",
    "project_owner": 9,
    "team": [9, 19, 24, 1, 22],
    "status": "in progress",
    "creation_date": "28 Oct 2023"
  },
  {
    "id": 15,
    "project_name": "Edge of Innovation",
    "project_owner": 16,
    "team": [16, 11, 5, 14, 23],
    "status": "planning",
    "creation_date": "21 Oct 2023"
  },
  {
    "id": 16,
    "project_name": "Crypto Ventures",
    "project_owner": 20,
    "team": [20, 7, 15, 26, 12],
    "status": "important",
    "creation_date": "10 Oct 2023"
  },
  {
    "id": 17,
    "project_name": "Blockchain Basics",
    "project_owner": 4,
    "team": [4, 8, 3, 22, 27],
    "status": "archived",
    "creation_date": "5 Oct 2023"
  },
  {
    "id": 18,
    "project_name": "Virtual Reality Exploration",
    "project_owner": 26,
    "team": [26, 2, 14, 20, 9],
    "status": "in progress",
    "creation_date": "29 Sept 2023"
  },
  {
    "id": 19,
    "project_name": "AI in Daily Life",
    "project_owner": 2,
    "team": [2, 13, 24, 5, 11],
    "status": "completed",
    "creation_date": "22 Sept 2023"
  }
]
