{
  "Rising cost of living": [
    {
      "name": "Fraud and Security"
    },
    {
      "name": "Secure Key help"
    },
    {
      "name": "Fraud and common scams"
    },
    {
      "name": "What we need to keep you safe"
    },
    {
      "name": "How we keep you safe"
    },
    {
      "name": "How to keep yourself safe"
    }
  ],
  "Bank accounts": [
    {
      "name": "General bank account help"
    },
    {
      "name": "Switching to first direct"
    },
    {
      "name": "Statements and balances"
    },
    {
      "name": "Standing orders and Direct Debits"
    },
    {
      "name": "Debit cards"
    },
    {
      "name": "Overdrafts"
    },
    {
      "name": "Managing personal details"
    }
  ],
  "Product support": [
    {
      "name": "Personal loans help"
    },
    {
      "name": "Credit card help"
    },
    {
      "name": "Savings help"
    },
    {
      "name": "Sharedealing help"
    },
    {
      "name": "First Directory help"
    }
  ],
  "Mobile and Online Banking": [
    {
      "name": "Register for Mobile and Online Banking"
    },
    {
      "name": "Get help logging on"
    },
    {
      "name": "Move your App to a new phone"
    }
  ],
  "Help with money worries": [
    {
      "name": "Budgetting and money management"
    },
    {
      "name": "Dealing with financial difficulty"
    }
  ],
  "Life events": [
    {
      "name": "Help with bereavement"
    },
    {
      "name": "Domestic and financial abuse"
    },
    {
      "name": "Mental health and support"
    },
    {
      "name": "Separation and your banking"
    },
    {
      "name": "Someone else managing finances"
    }
  ]
}
